[
	{
		"zone": "UTC-12:00",
		"places": [
			{
				"name": "Baker Island",
				"flag": "https://upload.wikimedia.org/wikipedia/en/thumb/a/a4/Flag_of_the_United_States.svg/45px-Flag_of_the_United_States.svg.png"
			},
			{
				"name": "Howland Island",
				"flag": "https://upload.wikimedia.org/wikipedia/en/thumb/a/a4/Flag_of_the_United_States.svg/45px-Flag_of_the_United_States.svg.png"
			}
		]
	},
	{
		"zone": "UTC-11:00",
		"places": [
			{
				"name": "American Samoa",
				"flag": "https://upload.wikimedia.org/wikipedia/commons/thumb/8/87/Flag_of_American_Samoa.svg/45px-Flag_of_American_Samoa.svg.png"
			},
			{
				"name": "Jarvis Island",
				"flag": "https://upload.wikimedia.org/wikipedia/en/thumb/a/a4/Flag_of_the_United_States.svg/45px-Flag_of_the_United_States.svg.png"
			},
			{
				"name": "Kingman Reef",
				"flag": "https://upload.wikimedia.org/wikipedia/en/thumb/a/a4/Flag_of_the_United_States.svg/45px-Flag_of_the_United_States.svg.png"
			},
			{
				"name": "Midway Islands",
				"flag": "https://upload.wikimedia.org/wikipedia/en/thumb/a/a4/Flag_of_the_United_States.svg/45px-Flag_of_the_United_States.svg.png"
			},
			{
				"name": "Niue",
				"flag": "https://upload.wikimedia.org/wikipedia/commons/thumb/0/01/Flag_of_Niue.svg/45px-Flag_of_Niue.svg.png"
			},
			{
				"name": "Palmyra Atoll",
				"flag": "https://upload.wikimedia.org/wikipedia/en/thumb/a/a4/Flag_of_the_United_States.svg/45px-Flag_of_the_United_States.svg.png"
			}
		]
	},
	{
		"zone": "UTC-10:00",
		"places": [
			{
				"name": "Cook Islands",
				"flag": "https://upload.wikimedia.org/wikipedia/commons/thumb/3/35/Flag_of_the_Cook_Islands.svg/45px-Flag_of_the_Cook_Islands.svg.png"
			},
			{
				"name": "French Polynesia - Pape'ete",
				"flag": "https://upload.wikimedia.org/wikipedia/commons/thumb/d/db/Flag_of_French_Polynesia.svg/45px-Flag_of_French_Polynesia.svg.png"
			},
			{
				"name": "Johnston Atoll",
				"flag": "https://upload.wikimedia.org/wikipedia/en/thumb/a/a4/Flag_of_the_United_States.svg/45px-Flag_of_the_United_States.svg.png"
			},
			{
				"name": "United States",
				"flag": "https://upload.wikimedia.org/wikipedia/en/thumb/a/a4/Flag_of_the_United_States.svg/45px-Flag_of_the_United_States.svg.png"
			}
		]
	},
	{
		"zone": "UTC-09:30",
		"places": [
			{
				"name": "French Polynesia - Marquesas Islands",
				"flag": "https://upload.wikimedia.org/wikipedia/commons/thumb/d/db/Flag_of_French_Polynesia.svg/45px-Flag_of_French_Polynesia.svg.png"
			}
		]
	},
	{
		"zone": "UTC-09:00",
			"places": [
				{
					"name": "French Polynesia - Mangareva",
					"flag": "https://upload.wikimedia.org/wikipedia/commons/thumb/d/db/Flag_of_French_Polynesia.svg/45px-Flag_of_French_Polynesia.svg.png"
				},
				{
					"name": "United States - Anchorage",
					"flag": "https://upload.wikimedia.org/wikipedia/en/thumb/a/a4/Flag_of_the_United_States.svg/45px-Flag_of_the_United_States.svg.png"
				}
			]
	},
	{
		"zone": "UTC-08:00",
			"places": [
				{
					"name": "Canada - Vancouver",
					"flag": "https://upload.wikimedia.org/wikipedia/en/thumb/c/cf/Flag_of_Canada.svg/45px-Flag_of_Canada.svg.png"
				},
				{
					"name": "Mexico - Tijuana",
					"flag": "https://upload.wikimedia.org/wikipedia/commons/thumb/f/fc/Flag_of_Mexico.svg/45px-Flag_of_Mexico.svg.png"
				},
				{
					"name": "Pitcairn Islands",
					"flag": "https://upload.wikimedia.org/wikipedia/commons/thumb/8/88/Flag_of_the_Pitcairn_Islands.svg/45px-Flag_of_the_Pitcairn_Islands.svg.png"
				},
				{
					"name": "United States - Los Angeles",
					"flag": "https://upload.wikimedia.org/wikipedia/en/thumb/a/a4/Flag_of_the_United_States.svg/45px-Flag_of_the_United_States.svg.png"
				}
			]
	},
	{
		"zone": "UTC-07:00",
			"places": [
				{
					"name": "Canada - Edmonton",
					"flag": "https://upload.wikimedia.org/wikipedia/en/thumb/c/cf/Flag_of_Canada.svg/45px-Flag_of_Canada.svg.png"
				},
				{
					"name": "Mexico - La Paz",
					"flag": "https://upload.wikimedia.org/wikipedia/commons/thumb/f/fc/Flag_of_Mexico.svg/45px-Flag_of_Mexico.svg.png"
				},
				{
					"name": "United States - Denver",
					"flag": "https://upload.wikimedia.org/wikipedia/en/thumb/a/a4/Flag_of_the_United_States.svg/45px-Flag_of_the_United_States.svg.png"
				},
				{
					"name": "United States - Phoenix",
					"flag": "https://upload.wikimedia.org/wikipedia/en/thumb/a/a4/Flag_of_the_United_States.svg/45px-Flag_of_the_United_States.svg.png"
				}
			]
	},
	{
		"zone": "UTC-06:00",
			"places": [
				{
					"name": "Belize",
					"flag": "https://upload.wikimedia.org/wikipedia/commons/thumb/e/e7/Flag_of_Belize.svg/45px-Flag_of_Belize.svg.png"
				},
				{
					"name": "Canada - Winnipeg",
					"flag": "https://upload.wikimedia.org/wikipedia/en/thumb/c/cf/Flag_of_Canada.svg/45px-Flag_of_Canada.svg.png"
				},
				{
					"name": "Chile - Easter Island",
					"flag": "https://upload.wikimedia.org/wikipedia/commons/thumb/7/78/Flag_of_Chile.svg/45px-Flag_of_Chile.svg.png"
				},
				{
					"name": "Costa Rica",
					"flag": "https://upload.wikimedia.org/wikipedia/commons/thumb/f/f2/Flag_of_Costa_Rica.svg/45px-Flag_of_Costa_Rica.svg.png"
				},
				{
					"name": "Galápagos Islands",
					"flag": "https://upload.wikimedia.org/wikipedia/commons/thumb/1/19/Bandera_Provincia_Gal%C3%A1pagos.svg/45px-Bandera_Provincia_Gal%C3%A1pagos.svg.png"
				},
				{
					"name": "El Salvador",
					"flag": "https://upload.wikimedia.org/wikipedia/commons/thumb/3/34/Flag_of_El_Salvador.svg/45px-Flag_of_El_Salvador.svg.png"
				},
				{
					"name": "Guatemala",
					"flag": "https://upload.wikimedia.org/wikipedia/commons/thumb/e/ec/Flag_of_Guatemala.svg/45px-Flag_of_Guatemala.svg.png"
				},
				{
					"name": "Honduras",
					"flag": "https://upload.wikimedia.org/wikipedia/commons/thumb/8/82/Flag_of_Honduras.svg/45px-Flag_of_Honduras.svg.png"
				},
				{
					"name": "Mexico - Mexico City",
					"flag": "https://upload.wikimedia.org/wikipedia/commons/thumb/f/fc/Flag_of_Mexico.svg/45px-Flag_of_Mexico.svg.png"
				},
				{
					"name": "Nicaragua",
					"flag": "https://upload.wikimedia.org/wikipedia/commons/thumb/1/19/Flag_of_Nicaragua.svg/45px-Flag_of_Nicaragua.svg.png"
				},
				{
					"name": "United States - Chicago",
					"flag": "https://upload.wikimedia.org/wikipedia/en/thumb/a/a4/Flag_of_the_United_States.svg/45px-Flag_of_the_United_States.svg.png"
				}
			]
	},
	{
		"zone": "UTC-05:00",
			"places": [
				{
					"name": "Bahamas",
					"flag": "https://upload.wikimedia.org/wikipedia/commons/thumb/9/93/Flag_of_the_Bahamas.svg/45px-Flag_of_the_Bahamas.svg.png"
				},
				{
					"name": "Brazil - Rio Branco",
					"flag": "https://upload.wikimedia.org/wikipedia/en/thumb/0/05/Flag_of_Brazil.svg/45px-Flag_of_Brazil.svg.png"
				},
				{
					"name": "Canada",
					"flag": "https://upload.wikimedia.org/wikipedia/en/thumb/c/cf/Flag_of_Canada.svg/45px-Flag_of_Canada.svg.png"
				},
				{
					"name": "Cayman Islands",
					"flag": "https://upload.wikimedia.org/wikipedia/commons/thumb/0/0f/Flag_of_the_Cayman_Islands.svg/45px-Flag_of_the_Cayman_Islands.svg.png"
				},
				{
					"name": "Colombia",
					"flag": "https://upload.wikimedia.org/wikipedia/commons/thumb/2/21/Flag_of_Colombia.svg/45px-Flag_of_Colombia.svg.png"
				},
				{
					"name": "Cuba",
					"flag": "https://upload.wikimedia.org/wikipedia/commons/thumb/b/bd/Flag_of_Cuba.svg/45px-Flag_of_Cuba.svg.png"
				},
				{
					"name": "Ecuador",
					"flag": "https://upload.wikimedia.org/wikipedia/commons/thumb/e/e8/Flag_of_Ecuador.svg/45px-Flag_of_Ecuador.svg.png"
				},
				{
					"name": "Haiti",
					"flag": "https://upload.wikimedia.org/wikipedia/commons/thumb/5/56/Flag_of_Haiti.svg/45px-Flag_of_Haiti.svg.png"
				},
				{
					"name": "Jamaica",
					"flag": "https://upload.wikimedia.org/wikipedia/commons/thumb/0/0a/Flag_of_Jamaica.svg/45px-Flag_of_Jamaica.svg.png"
				},
				{
					"name": "Navassa Island",
					"flag": "https://upload.wikimedia.org/wikipedia/commons/thumb/1/1b/Flag_of_Navassa_Island_%28local%29.svg/45px-Flag_of_Navassa_Island_%28local%29.svg.png"
				},
				{
					"name": "Panama",
					"flag": "https://upload.wikimedia.org/wikipedia/commons/thumb/a/ab/Flag_of_Panama.svg/45px-Flag_of_Panama.svg.png"
				},
				{
					"name": "Peru",
					"flag": "https://upload.wikimedia.org/wikipedia/commons/thumb/c/cf/Flag_of_Peru.svg/45px-Flag_of_Peru.svg.png"
				},
				{
					"name": "United States - Washington, DC",
					"flag": "https://upload.wikimedia.org/wikipedia/en/thumb/a/a4/Flag_of_the_United_States.svg/45px-Flag_of_the_United_States.svg.png"
				}
			]
	},
	{
		"zone": "UTC-04:00",
			"places": [
				{
					"name": "Anguilla",
					"flag": "https://upload.wikimedia.org/wikipedia/commons/thumb/b/b4/Flag_of_Anguilla.svg/45px-Flag_of_Anguilla.svg.png"
				},
				{
					"name": "Antigua and Barbuda",
					"flag": "https://upload.wikimedia.org/wikipedia/commons/thumb/8/89/Flag_of_Antigua_and_Barbuda.svg/45px-Flag_of_Antigua_and_Barbuda.svg.png"
				},
				{
					"name": "Aruba",
					"flag": "https://upload.wikimedia.org/wikipedia/commons/thumb/f/f6/Flag_of_Aruba.svg/45px-Flag_of_Aruba.svg.png"
				},
				{
					"name": "Chile - Santiago",
					"flag": "https://upload.wikimedia.org/wikipedia/commons/thumb/7/78/Flag_of_Chile.svg/45px-Flag_of_Chile.svg.png"
				},
				{
					"name": "Barbados",
					"flag": "https://upload.wikimedia.org/wikipedia/commons/thumb/e/ef/Flag_of_Barbados.svg/45px-Flag_of_Barbados.svg.png"
				},
				{
					"name": "Bermuda",
					"flag": "https://upload.wikimedia.org/wikipedia/commons/thumb/b/bf/Flag_of_Bermuda.svg/45px-Flag_of_Bermuda.svg.png"
				},
				{
					"name": "Bolivia",
					"flag": "https://upload.wikimedia.org/wikipedia/commons/thumb/4/48/Flag_of_Bolivia.svg/45px-Flag_of_Bolivia.svg.png"
				},
				{
					"name": "Brazil - Manaus",
					"flag": "https://upload.wikimedia.org/wikipedia/en/thumb/0/05/Flag_of_Brazil.svg/45px-Flag_of_Brazil.svg.png"
				},
				{
					"name": "Canada - Halifax",
					"flag": "https://upload.wikimedia.org/wikipedia/en/thumb/c/cf/Flag_of_Canada.svg/45px-Flag_of_Canada.svg.png"
				},
				{
					"name": "Curaçao",
					"flag": "https://upload.wikimedia.org/wikipedia/commons/thumb/b/b1/Flag_of_Cura%C3%A7ao.svg/45px-Flag_of_Cura%C3%A7ao.svg.png"
				},
				{
					"name": "Dominica",
					"flag": "https://upload.wikimedia.org/wikipedia/commons/thumb/c/c4/Flag_of_Dominica.svg/45px-Flag_of_Dominica.svg.png"
				},
				{
					"name": "Dominican Republic",
					"flag": "https://upload.wikimedia.org/wikipedia/commons/thumb/9/9f/Flag_of_the_Dominican_Republic.svg/45px-Flag_of_the_Dominican_Republic.svg.png"
				},
				{
					"name": "Greenland",
					"flag": "https://upload.wikimedia.org/wikipedia/commons/thumb/0/09/Flag_of_Greenland.svg/45px-Flag_of_Greenland.svg.png"
				},
				{
					"name": "Grenada",
					"flag": "https://upload.wikimedia.org/wikipedia/commons/thumb/b/bc/Flag_of_Grenada.svg/45px-Flag_of_Grenada.svg.png"
				},
				{
					"name": "Guadeloupe",
					"flag": "https://upload.wikimedia.org/wikipedia/en/thumb/c/c3/Flag_of_France.svg/45px-Flag_of_France.svg.png"
				},
				{
					"name": "Guyana",
					"flag": "https://upload.wikimedia.org/wikipedia/commons/thumb/9/99/Flag_of_Guyana.svg/45px-Flag_of_Guyana.svg.png"
				},
				{
					"name": "Martinique",
					"flag": "https://upload.wikimedia.org/wikipedia/en/thumb/c/c3/Flag_of_France.svg/45px-Flag_of_France.svg.png"
				},
				{
					"name": "Montserrat",
					"flag": "https://upload.wikimedia.org/wikipedia/commons/thumb/d/d0/Flag_of_Montserrat.svg/45px-Flag_of_Montserrat.svg.png"
				},
				{
					"name": "Paraguay",
					"flag": "https://upload.wikimedia.org/wikipedia/commons/thumb/2/27/Flag_of_Paraguay.svg/45px-Flag_of_Paraguay.svg.png"
				},
				{
					"name": "Puerto Rico",
					"flag": "https://upload.wikimedia.org/wikipedia/commons/thumb/2/28/Flag_of_Puerto_Rico.svg/45px-Flag_of_Puerto_Rico.svg.png"
				},
				{
					"name": "Saint Kitts and Nevis",
					"flag": "https://upload.wikimedia.org/wikipedia/commons/thumb/f/fe/Flag_of_Saint_Kitts_and_Nevis.svg/45px-Flag_of_Saint_Kitts_and_Nevis.svg.png"
				},
				{
					"name": "Saint Lucia",
					"flag": "https://upload.wikimedia.org/wikipedia/commons/thumb/9/9f/Flag_of_Saint_Lucia.svg/45px-Flag_of_Saint_Lucia.svg.png"
				},
				{
					"name": "Saint Vincent and the Grenadines",
					"flag": "https://upload.wikimedia.org/wikipedia/commons/thumb/6/6d/Flag_of_Saint_Vincent_and_the_Grenadines.svg/45px-Flag_of_Saint_Vincent_and_the_Grenadines.svg.png"
				},
				{
					"name": "Sint Maarten",
					"flag": "https://upload.wikimedia.org/wikipedia/commons/thumb/d/d3/Flag_of_Sint_Maarten.svg/45px-Flag_of_Sint_Maarten.svg.png"
				},
				{
					"name": "Turks and Caicos Islands",
					"flag": "https://upload.wikimedia.org/wikipedia/commons/thumb/a/a0/Flag_of_the_Turks_and_Caicos_Islands.svg/45px-Flag_of_the_Turks_and_Caicos_Islands.svg.png"
				},
				{
					"name": "Trinidad and Tobago",
					"flag": "https://upload.wikimedia.org/wikipedia/commons/thumb/6/64/Flag_of_Trinidad_and_Tobago.svg/45px-Flag_of_Trinidad_and_Tobago.svg.png"
				},
				{
					"name": "US Virgin Islands",
					"flag": "https://upload.wikimedia.org/wikipedia/commons/thumb/f/f8/Flag_of_the_United_States_Virgin_Islands.svg/45px-Flag_of_the_United_States_Virgin_Islands.svg.png"
				},
				{
					"name": "British Virgin Islands",
					"flag": "https://upload.wikimedia.org/wikipedia/commons/thumb/4/42/Flag_of_the_British_Virgin_Islands.svg/45px-Flag_of_the_British_Virgin_Islands.svg.png"
				},
				{
					"name": "Venezuela",
					"flag": "https://upload.wikimedia.org/wikipedia/commons/thumb/0/06/Flag_of_Venezuela.svg/45px-Flag_of_Venezuela.svg.png"
				}
			]
	},
	{
		"zone": "UTC-03:30",
			"places": [
				{
					"name": "Canada - Newfoundland",
					"flag": "https://upload.wikimedia.org/wikipedia/en/thumb/c/cf/Flag_of_Canada.svg/45px-Flag_of_Canada.svg.png"
				}
			]
	},
	{
		"zone": "UTC-03:00",
		"places": [
			{
				"name": "Argentina",
				"flag": "https://upload.wikimedia.org/wikipedia/commons/thumb/1/1a/Flag_of_Argentina.svg/45px-Flag_of_Argentina.svg.png"
			},
			{
				"name": "Brazil - Brasilia",
				"flag": "https://upload.wikimedia.org/wikipedia/en/thumb/0/05/Flag_of_Brazil.svg/45px-Flag_of_Brazil.svg.png"
			},
			{
				"name": "Falkland Islands",
				"flag": "https://upload.wikimedia.org/wikipedia/commons/thumb/8/83/Flag_of_the_Falkland_Islands.svg/46px-Flag_of_the_Falkland_Islands.svg.png"
			},
			{
				"name": "French Guiana",
				"flag": "https://upload.wikimedia.org/wikipedia/en/thumb/c/c3/Flag_of_France.svg/45px-Flag_of_France.svg.png"
			},
			{
				"name": "Greenland",
				"flag": "https://upload.wikimedia.org/wikipedia/commons/thumb/0/09/Flag_of_Greenland.svg/45px-Flag_of_Greenland.svg.png"
				
			},
			{
				"name": "Saint Pierre and Miquelon",
				"flag": "https://upload.wikimedia.org/wikipedia/en/thumb/c/c3/Flag_of_France.svg/45px-Flag_of_France.svg.png"
			},
			{
				"name": "Suriname",
				"flag": "https://upload.wikimedia.org/wikipedia/commons/thumb/6/60/Flag_of_Suriname.svg/45px-Flag_of_Suriname.svg.png"
			},
			{
				"name": "Uruguay",
				"flag": "https://upload.wikimedia.org/wikipedia/commons/thumb/f/fe/Flag_of_Uruguay.svg/45px-Flag_of_Uruguay.svg.png"
			}
		]
	},
	{
		"zone": "UTC-02:00",
			"places": [
				{
					"name": "Brazil - Fernando de Noronha",
					"flag": "https://upload.wikimedia.org/wikipedia/en/thumb/0/05/Flag_of_Brazil.svg/45px-Flag_of_Brazil.svg.png"
				},
				{
					"name": "South Georgia and the South Sandwich Islands",
					"flag": "https://upload.wikimedia.org/wikipedia/commons/thumb/e/ed/Flag_of_South_Georgia_and_the_South_Sandwich_Islands.svg/45px-Flag_of_South_Georgia_and_the_South_Sandwich_Islands.svg.png"
				}
			]
	},
	{
		"zone": "UTC-01:00",
			"places": [
				{
					"name": "Cape Verde",
					"flag": "https://upload.wikimedia.org/wikipedia/commons/thumb/3/38/Flag_of_Cape_Verde.svg/45px-Flag_of_Cape_Verde.svg.png"
				},
				{
					"name": "Greenland",
					"flag": "https://upload.wikimedia.org/wikipedia/commons/thumb/0/09/Flag_of_Greenland.svg/45px-Flag_of_Greenland.svg.png"
				},
				{
					"name": "Portugal - Azores",
					"flag": "https://upload.wikimedia.org/wikipedia/commons/thumb/5/5c/Flag_of_Portugal.svg/45px-Flag_of_Portugal.svg.png"
				}
			]
	},
	{
		"zone": "UTC±00:00",
			"places": [
				{
					"name": "Burkina Faso",
					"flag": "https://upload.wikimedia.org/wikipedia/commons/thumb/3/31/Flag_of_Burkina_Faso.svg/45px-Flag_of_Burkina_Faso.svg.png"
				},
				{
					"name": "Côte d'Ivoire",
					"flag": "https://upload.wikimedia.org/wikipedia/commons/thumb/f/fe/Flag_of_C%C3%B4te_d%27Ivoire.svg/45px-Flag_of_C%C3%B4te_d%27Ivoire.svg.png"
				},
				{
					"name": "Faroe Islands",
					"flag": "https://upload.wikimedia.org/wikipedia/commons/thumb/3/3c/Flag_of_the_Faroe_Islands.svg/45px-Flag_of_the_Faroe_Islands.svg.png"
				},
				{
					"name": "The Gambia",
					"flag": "https://upload.wikimedia.org/wikipedia/commons/thumb/7/77/Flag_of_The_Gambia.svg/45px-Flag_of_The_Gambia.svg.png"
				},
				{
					"name": "Ghana",
					"flag": "https://upload.wikimedia.org/wikipedia/commons/thumb/1/19/Flag_of_Ghana.svg/45px-Flag_of_Ghana.svg.png"
				},
				{
					"name": "Guinea",
					"flag": "https://upload.wikimedia.org/wikipedia/commons/thumb/e/ed/Flag_of_Guinea.svg/45px-Flag_of_Guinea.svg.png"
				},
				{
					"name": "Guinea-Bissau",
					"flag": "https://upload.wikimedia.org/wikipedia/commons/thumb/0/01/Flag_of_Guinea-Bissau.svg/45px-Flag_of_Guinea-Bissau.svg.png"
				},
				{
					"name": "Iceland",
					"flag": "https://upload.wikimedia.org/wikipedia/commons/thumb/c/ce/Flag_of_Iceland.svg/45px-Flag_of_Iceland.svg.png"
				},
				{
					"name": "Ireland",
					"flag": "https://upload.wikimedia.org/wikipedia/commons/thumb/4/45/Flag_of_Ireland.svg/45px-Flag_of_Ireland.svg.png"
				},
				{
					"name": "Liberia",
					"flag": "https://upload.wikimedia.org/wikipedia/commons/thumb/b/b8/Flag_of_Liberia.svg/45px-Flag_of_Liberia.svg.png"
				},
				{
					"name": "Mali",
					"flag": "https://upload.wikimedia.org/wikipedia/commons/thumb/9/92/Flag_of_Mali.svg/45px-Flag_of_Mali.svg.png"
				},
				{
					"name": "Mauritania",
					"flag": "https://upload.wikimedia.org/wikipedia/commons/thumb/4/43/Flag_of_Mauritania.svg/45px-Flag_of_Mauritania.svg.png"
				},
				{
					"name": "Morocco",
					"flag": "https://upload.wikimedia.org/wikipedia/commons/thumb/2/2c/Flag_of_Morocco.svg/45px-Flag_of_Morocco.svg.png"
				},
				{
					"name": "Portugal - Lisbon",
					"flag": "https://upload.wikimedia.org/wikipedia/commons/thumb/5/5c/Flag_of_Portugal.svg/45px-Flag_of_Portugal.svg.png"
				},
				{
					"name": "Saint Helena",
					"flag": "https://upload.wikimedia.org/wikipedia/commons/thumb/0/00/Flag_of_Saint_Helena.svg/45px-Flag_of_Saint_Helena.svg.png"
				},
				{
					"name": "Senegal",
					"flag": "https://upload.wikimedia.org/wikipedia/commons/thumb/f/fd/Flag_of_Senegal.svg/45px-Flag_of_Senegal.svg.png"
				},
				{
					"name": "Sierra Leone",
					"flag": "https://upload.wikimedia.org/wikipedia/commons/thumb/1/17/Flag_of_Sierra_Leone.svg/45px-Flag_of_Sierra_Leone.svg.png"
				},
				{
					"name": "Spain - Canary Islands",
					"flag": "https://upload.wikimedia.org/wikipedia/en/thumb/9/9a/Flag_of_Spain.svg/45px-Flag_of_Spain.svg.png"
				},
				{
					"name": "Togo",
					"flag": "https://upload.wikimedia.org/wikipedia/commons/thumb/6/68/Flag_of_Togo.svg/45px-Flag_of_Togo.svg.png"
				},
				{
					"name": "United Kingdom",
					"flag": "https://upload.wikimedia.org/wikipedia/en/thumb/a/ae/Flag_of_the_United_Kingdom.svg/45px-Flag_of_the_United_Kingdom.svg.png"
				},
				{
					"name": "Western Sahara",
					"flag": "https://upload.wikimedia.org/wikipedia/commons/thumb/2/26/Flag_of_the_Sahrawi_Arab_Democratic_Republic.svg/45px-Flag_of_the_Sahrawi_Arab_Democratic_Republic.svg.png"
				}
			]
	},
	{
		"zone": "UTC+01:00",
			"places": [
				{
					"name": "Albania",
					"flag": "https://upload.wikimedia.org/wikipedia/commons/thumb/3/36/Flag_of_Albania.svg/45px-Flag_of_Albania.svg.png"
				},
				{
					"name": "Andorra",
					"flag": "https://upload.wikimedia.org/wikipedia/commons/thumb/1/19/Flag_of_Andorra.svg/45px-Flag_of_Andorra.svg.png"
				},
				{
					"name": "Algeria",
					"flag": "https://upload.wikimedia.org/wikipedia/commons/thumb/7/77/Flag_of_Algeria.svg/45px-Flag_of_Algeria.svg.png"
				},
				{
					"name": "Angola",
					"flag": "https://upload.wikimedia.org/wikipedia/commons/thumb/9/9d/Flag_of_Angola.svg/45px-Flag_of_Angola.svg.png"
				},
				{
					"name": "Austria",
					"flag": "https://upload.wikimedia.org/wikipedia/commons/thumb/4/41/Flag_of_Austria.svg/45px-Flag_of_Austria.svg.png"
				},
				{
					"name": "Belgium",
					"flag": "https://upload.wikimedia.org/wikipedia/commons/thumb/9/92/Flag_of_Belgium_%28civil%29.svg/45px-Flag_of_Belgium_%28civil%29.svg.png"
				},
				{
					"name": "Benin",
					"flag": "https://upload.wikimedia.org/wikipedia/commons/thumb/0/0a/Flag_of_Benin.svg/45px-Flag_of_Benin.svg.png"
				},
				{
					"name": "Bosnia and Herzegovina",
					"flag": "https://upload.wikimedia.org/wikipedia/commons/thumb/b/bf/Flag_of_Bosnia_and_Herzegovina.svg/45px-Flag_of_Bosnia_and_Herzegovina.svg.png"
				},
				{
					"name": "Cameroon",
					"flag": "https://upload.wikimedia.org/wikipedia/commons/thumb/4/4f/Flag_of_Cameroon.svg/45px-Flag_of_Cameroon.svg.png"
				},
				{
					"name": "Central African Republic",
					"flag": "https://upload.wikimedia.org/wikipedia/commons/thumb/6/6f/Flag_of_the_Central_African_Republic.svg/45px-Flag_of_the_Central_African_Republic.svg.png"
				},
				{
					"name": "Chad",
					"flag": "https://upload.wikimedia.org/wikipedia/commons/thumb/4/4b/Flag_of_Chad.svg/45px-Flag_of_Chad.svg.png"
				},
				{
					"name": "Republic of the Congo",
					"flag": "https://upload.wikimedia.org/wikipedia/commons/thumb/9/92/Flag_of_the_Republic_of_the_Congo.svg/45px-Flag_of_the_Republic_of_the_Congo.svg.png"
				},
				{
					"name": "Congo, Democratic Republic of the",
					"flag": "https://upload.wikimedia.org/wikipedia/commons/thumb/6/6f/Flag_of_the_Democratic_Republic_of_the_Congo.svg/45px-Flag_of_the_Democratic_Republic_of_the_Congo.svg.png"
				},
				{
					"name": "Croatia",
					"flag": "https://upload.wikimedia.org/wikipedia/commons/thumb/1/1b/Flag_of_Croatia.svg/45px-Flag_of_Croatia.svg.png"
				},
				{
					"name": "Czech Republic",
					"flag": "https://upload.wikimedia.org/wikipedia/commons/thumb/c/cb/Flag_of_the_Czech_Republic.svg/45px-Flag_of_the_Czech_Republic.svg.png"
				},
				{
					"name": "Denmark",
					"flag": "https://upload.wikimedia.org/wikipedia/commons/thumb/9/9c/Flag_of_Denmark.svg/45px-Flag_of_Denmark.svg.png"
				},
				{
					"name": "Equatorial Guinea",
					"flag": "https://upload.wikimedia.org/wikipedia/commons/thumb/3/31/Flag_of_Equatorial_Guinea.svg/45px-Flag_of_Equatorial_Guinea.svg.png"
				},
				{
					"name": "France",
					"flag": "https://upload.wikimedia.org/wikipedia/en/thumb/c/c3/Flag_of_France.svg/45px-Flag_of_France.svg.png"
				},
				{
					"name": "Gabon",
					"flag": "https://upload.wikimedia.org/wikipedia/commons/thumb/0/04/Flag_of_Gabon.svg/45px-Flag_of_Gabon.svg.png"
				},
				{
					"name": "Germany",
					"flag": "https://upload.wikimedia.org/wikipedia/en/thumb/b/ba/Flag_of_Germany.svg/45px-Flag_of_Germany.svg.png"
				},
				{
					"name": "Gibraltar",
					"flag": "https://upload.wikimedia.org/wikipedia/commons/thumb/0/02/Flag_of_Gibraltar.svg/45px-Flag_of_Gibraltar.svg.png"
				},
				{
					"name": "Hungary",
					"flag": "https://upload.wikimedia.org/wikipedia/commons/thumb/c/c1/Flag_of_Hungary.svg/45px-Flag_of_Hungary.svg.png"
				},
				{
					"name": "Italy",
					"flag": "https://upload.wikimedia.org/wikipedia/en/thumb/0/03/Flag_of_Italy.svg/45px-Flag_of_Italy.svg.png"
				},
				{
					"name": "Libya",
					"flag": "https://upload.wikimedia.org/wikipedia/commons/thumb/0/05/Flag_of_Libya.svg/45px-Flag_of_Libya.svg.png"
				},
				{
					"name": "Liechtenstein",
					"flag": "https://upload.wikimedia.org/wikipedia/commons/thumb/4/47/Flag_of_Liechtenstein.svg/45px-Flag_of_Liechtenstein.svg.png"
				},
				{
					"name": "Luxembourg",
					"flag": "https://upload.wikimedia.org/wikipedia/commons/thumb/d/da/Flag_of_Luxembourg.svg/45px-Flag_of_Luxembourg.svg.png"
				},
				{
					"name": "Macedonia",
					"flag": "https://upload.wikimedia.org/wikipedia/commons/thumb/f/f8/Flag_of_Macedonia.svg/45px-Flag_of_Macedonia.svg.png"
				},
				{
					"name": "Malta",
					"flag": "https://upload.wikimedia.org/wikipedia/commons/thumb/7/73/Flag_of_Malta.svg/45px-Flag_of_Malta.svg.png"
				},
				{
					"name": "Monaco",
					"flag": "https://upload.wikimedia.org/wikipedia/commons/thumb/e/ea/Flag_of_Monaco.svg/19px-Flag_of_Monaco.svg.png"
				},
				{
					"name": "Netherlands",
					"flag": "https://upload.wikimedia.org/wikipedia/commons/thumb/2/20/Flag_of_the_Netherlands.svg/45px-Flag_of_the_Netherlands.svg.png"
				},
				{
					"name": "Niger",
					"flag": "https://upload.wikimedia.org/wikipedia/commons/thumb/f/f4/Flag_of_Niger.svg/18px-Flag_of_Niger.svg.png"
				},
				{
					"name": "Nigeria",
					"flag": "https://upload.wikimedia.org/wikipedia/commons/thumb/7/79/Flag_of_Nigeria.svg/45px-Flag_of_Nigeria.svg.png"
				},
				{
					"name": "Norway",
					"flag": "https://upload.wikimedia.org/wikipedia/commons/thumb/d/d9/Flag_of_Norway.svg/45px-Flag_of_Norway.svg.png"
				},
				{
					"name": "Poland",
					"flag": "https://upload.wikimedia.org/wikipedia/en/thumb/1/12/Flag_of_Poland.svg/45px-Flag_of_Poland.svg.png"
				},
				{
					"name": "San Marino",
					"flag": "https://upload.wikimedia.org/wikipedia/commons/thumb/b/b1/Flag_of_San_Marino.svg/45px-Flag_of_San_Marino.svg.png"
				},
				{
					"name": "São Tomé and Príncipe",
					"flag": "https://upload.wikimedia.org/wikipedia/commons/thumb/4/4f/Flag_of_Sao_Tome_and_Principe.svg/45px-Flag_of_Sao_Tome_and_Principe.svg.png"
				},
				{
					"name": "Serbia",
					"flag": "https://upload.wikimedia.org/wikipedia/commons/thumb/f/ff/Flag_of_Serbia.svg/45px-Flag_of_Serbia.svg.png"
				},
				{
					"name": "Slovakia",
					"flag": "https://upload.wikimedia.org/wikipedia/commons/thumb/e/e6/Flag_of_Slovakia.svg/45px-Flag_of_Slovakia.svg.png"
				},
				{
					"name": "Slovenia",
					"flag": "https://upload.wikimedia.org/wikipedia/commons/thumb/f/f0/Flag_of_Slovenia.svg/45px-Flag_of_Slovenia.svg.png"
				},
				{
					"name": "Spain - Madrid",
					"flag": "https://upload.wikimedia.org/wikipedia/en/thumb/9/9a/Flag_of_Spain.svg/45px-Flag_of_Spain.svg.png"
				},
				{
					"name": "Sweden",
					"flag": "https://upload.wikimedia.org/wikipedia/en/thumb/4/4c/Flag_of_Sweden.svg/45px-Flag_of_Sweden.svg.png"
				},
				{
					"name": "Switzerland",
					"flag": "https://upload.wikimedia.org/wikipedia/commons/thumb/f/f3/Flag_of_Switzerland.svg/16px-Flag_of_Switzerland.svg.png"
				},
				{
					"name": "Tunisia",
					"flag": "https://upload.wikimedia.org/wikipedia/commons/thumb/c/ce/Flag_of_Tunisia.svg/45px-Flag_of_Tunisia.svg.png"
				},
				{
					"name": "Vatican City",
					"flag": "https://upload.wikimedia.org/wikipedia/commons/thumb/0/00/Flag_of_the_Vatican_City.svg/16px-Flag_of_the_Vatican_City.svg.png"
				}
			]
	},
	{
		"zone": "UTC+02:00",
			"places": [
				{
					"name": "Botswana",
					"flag": "https://upload.wikimedia.org/wikipedia/commons/thumb/f/fa/Flag_of_Botswana.svg/45px-Flag_of_Botswana.svg.png"
				},
				{
					"name": "Bulgaria",
					"flag": "https://upload.wikimedia.org/wikipedia/commons/thumb/9/9a/Flag_of_Bulgaria.svg/45px-Flag_of_Bulgaria.svg.png"
				},
				{
					"name": "Burundi",
					"flag": "https://upload.wikimedia.org/wikipedia/commons/thumb/5/50/Flag_of_Burundi.svg/45px-Flag_of_Burundi.svg.png"
				},
				{
					"name": "Democratic Republic of the Congo",
					"flag": "https://upload.wikimedia.org/wikipedia/commons/thumb/6/6f/Flag_of_the_Democratic_Republic_of_the_Congo.svg/45px-Flag_of_the_Democratic_Republic_of_the_Congo.svg.png"
				},
				{
					"name": "Cyprus",
					"flag": "https://upload.wikimedia.org/wikipedia/commons/thumb/d/d4/Flag_of_Cyprus.svg/45px-Flag_of_Cyprus.svg.png"
				},
				{
					"name": "Egypt",
					"flag": "https://upload.wikimedia.org/wikipedia/commons/thumb/f/fe/Flag_of_Egypt.svg/45px-Flag_of_Egypt.svg.png"
				},
				{
					"name": "Estonia",
					"flag": "https://upload.wikimedia.org/wikipedia/commons/thumb/8/8f/Flag_of_Estonia.svg/45px-Flag_of_Estonia.svg.png"
				},
				{
					"name": "Finland",
					"flag": "https://upload.wikimedia.org/wikipedia/commons/thumb/b/bc/Flag_of_Finland.svg/45px-Flag_of_Finland.svg.png"
				},
				{
					"name": "Greece",
					"flag": "https://upload.wikimedia.org/wikipedia/commons/thumb/5/5c/Flag_of_Greece.svg/45px-Flag_of_Greece.svg.png"
				},
				{
					"name": "Israel",
					"flag": "https://upload.wikimedia.org/wikipedia/commons/thumb/d/d4/Flag_of_Israel.svg/45px-Flag_of_Israel.svg.png"
				},
				{
					"name": "Jordan",
					"flag": "https://upload.wikimedia.org/wikipedia/commons/thumb/c/c0/Flag_of_Jordan.svg/45px-Flag_of_Jordan.svg.png"
				},
				{
					"name": "Latvia",
					"flag": "https://upload.wikimedia.org/wikipedia/commons/thumb/8/84/Flag_of_Latvia.svg/45px-Flag_of_Latvia.svg.png"
				},
				{
					"name": "Lebanon",
					"flag": "https://upload.wikimedia.org/wikipedia/commons/thumb/5/59/Flag_of_Lebanon.svg/45px-Flag_of_Lebanon.svg.png"
				},
				{
					"name": "Lesotho",
					"flag": "https://upload.wikimedia.org/wikipedia/commons/thumb/4/4a/Flag_of_Lesotho.svg/45px-Flag_of_Lesotho.svg.png"
				},
				{
					"name": "Lithuania",
					"flag": "https://upload.wikimedia.org/wikipedia/commons/thumb/1/11/Flag_of_Lithuania.svg/45px-Flag_of_Lithuania.svg.png"
				},
				{
					"name": "Malawi",
					"flag": "https://upload.wikimedia.org/wikipedia/commons/thumb/d/d1/Flag_of_Malawi.svg/45px-Flag_of_Malawi.svg.png"
				},
				{
					"name": "Moldova",
					"flag": "https://upload.wikimedia.org/wikipedia/commons/thumb/2/27/Flag_of_Moldova.svg/45px-Flag_of_Moldova.svg.png"
				},
				{
					"name": "Mozambique",
					"flag": "https://upload.wikimedia.org/wikipedia/commons/thumb/d/d0/Flag_of_Mozambique.svg/45px-Flag_of_Mozambique.svg.png"
				},
				{
					"name": "Namibia",
					"flag": "https://upload.wikimedia.org/wikipedia/commons/thumb/0/00/Flag_of_Namibia.svg/45px-Flag_of_Namibia.svg.png"
				},
				{
					"name": "Palestine",
					"flag": "https://upload.wikimedia.org/wikipedia/commons/thumb/0/00/Flag_of_Palestine.svg/45px-Flag_of_Palestine.svg.png"
				},
				{
					"name": "Romania",
					"flag": "https://upload.wikimedia.org/wikipedia/commons/thumb/7/73/Flag_of_Romania.svg/45px-Flag_of_Romania.svg.png"
				},
				{
					"name": "Russia",
					"flag": "https://upload.wikimedia.org/wikipedia/en/thumb/f/f3/Flag_of_Russia.svg/45px-Flag_of_Russia.svg.png"
				},
				{
					"name": "Rwanda",
					"flag": "https://upload.wikimedia.org/wikipedia/commons/thumb/1/17/Flag_of_Rwanda.svg/45px-Flag_of_Rwanda.svg.png"
				},
				{
					"name": "South Africa",
					"flag": "https://upload.wikimedia.org/wikipedia/commons/thumb/a/af/Flag_of_South_Africa.svg/45px-Flag_of_South_Africa.svg.png"
				},
				{
					"name": "Sudan",
					"flag": "https://upload.wikimedia.org/wikipedia/commons/thumb/0/01/Flag_of_Sudan.svg/45px-Flag_of_Sudan.svg.png"
				},
				{
					"name": "Swaziland",
					"flag": "https://upload.wikimedia.org/wikipedia/commons/thumb/1/1e/Flag_of_Swaziland.svg/45px-Flag_of_Swaziland.svg.png"
				},
				{
					"name": "Syria",
					"flag": "https://upload.wikimedia.org/wikipedia/commons/thumb/5/53/Flag_of_Syria.svg/45px-Flag_of_Syria.svg.png"
				},
				{
					"name": "Ukraine",
					"flag": "https://upload.wikimedia.org/wikipedia/commons/thumb/4/49/Flag_of_Ukraine.svg/45px-Flag_of_Ukraine.svg.png"
				},
				{
					"name": "Zambia",
					"flag": "https://upload.wikimedia.org/wikipedia/commons/thumb/0/06/Flag_of_Zambia.svg/45px-Flag_of_Zambia.svg.png"
				},
				{
					"name": "Zimbabwe",
					"flag": "https://upload.wikimedia.org/wikipedia/commons/thumb/6/6a/Flag_of_Zimbabwe.svg/45px-Flag_of_Zimbabwe.svg.png"
				}
			]
	},
	{
		"zone": "UTC+03:00",
			"places": [
				{
					"name": "Bahrain",
					"flag": "https://upload.wikimedia.org/wikipedia/commons/thumb/2/2c/Flag_of_Bahrain.svg/45px-Flag_of_Bahrain.svg.png"
				},
				{
					"name": "Belarus",
					"flag": "https://upload.wikimedia.org/wikipedia/commons/thumb/8/85/Flag_of_Belarus.svg/45px-Flag_of_Belarus.svg.png"
				},
				{
					"name": "Comoros",
					"flag": "https://upload.wikimedia.org/wikipedia/commons/thumb/9/94/Flag_of_the_Comoros.svg/45px-Flag_of_the_Comoros.svg.png"
				},
				{
					"name": "Djibouti",
					"flag": "https://upload.wikimedia.org/wikipedia/commons/thumb/3/34/Flag_of_Djibouti.svg/45px-Flag_of_Djibouti.svg.png"
				},
				{
					"name": "Eritrea",
					"flag": "https://upload.wikimedia.org/wikipedia/commons/thumb/2/29/Flag_of_Eritrea.svg/45px-Flag_of_Eritrea.svg.png"
				},
				{
					"name": "Ethiopia",
					"flag": "https://upload.wikimedia.org/wikipedia/commons/thumb/7/71/Flag_of_Ethiopia.svg/45px-Flag_of_Ethiopia.svg.png"
				},
				{
					"name": "Iraq",
					"flag": "https://upload.wikimedia.org/wikipedia/commons/thumb/f/f6/Flag_of_Iraq.svg/45px-Flag_of_Iraq.svg.png"
				},
				{
					"name": "Kenya",
					"flag": "https://upload.wikimedia.org/wikipedia/commons/thumb/4/49/Flag_of_Kenya.svg/45px-Flag_of_Kenya.svg.png"
				},
				{
					"name": "Kuwait",
					"flag": "https://upload.wikimedia.org/wikipedia/commons/thumb/a/aa/Flag_of_Kuwait.svg/45px-Flag_of_Kuwait.svg.png"
				},
				{
					"name": "Madagascar",
					"flag": "https://upload.wikimedia.org/wikipedia/commons/thumb/b/bc/Flag_of_Madagascar.svg/45px-Flag_of_Madagascar.svg.png"
				},
				{
					"name": "Qatar",
					"flag": "https://upload.wikimedia.org/wikipedia/commons/thumb/6/65/Flag_of_Qatar.svg/45px-Flag_of_Qatar.svg.png"
				},
				{
					"name": "Russia - Moscow",
					"flag": "https://upload.wikimedia.org/wikipedia/en/thumb/f/f3/Flag_of_Russia.svg/45px-Flag_of_Russia.svg.png"
				},
				{
					"name": "Saudi Arabia",
					"flag": "https://upload.wikimedia.org/wikipedia/commons/thumb/0/0d/Flag_of_Saudi_Arabia.svg/45px-Flag_of_Saudi_Arabia.svg.png"
				},
				{
					"name": "Somalia",
					"flag": "https://upload.wikimedia.org/wikipedia/commons/thumb/a/a0/Flag_of_Somalia.svg/45px-Flag_of_Somalia.svg.png"
				},
				{
					"name": "South Sudan",
					"flag": "https://upload.wikimedia.org/wikipedia/commons/thumb/7/7a/Flag_of_South_Sudan.svg/45px-Flag_of_South_Sudan.svg.png"
				},
				{
					"name": "Tanzania",
					"flag": "https://upload.wikimedia.org/wikipedia/commons/thumb/3/38/Flag_of_Tanzania.svg/45px-Flag_of_Tanzania.svg.png"
				},
				{
					"name": "Turkey",
					"flag": "https://upload.wikimedia.org/wikipedia/commons/thumb/b/b4/Flag_of_Turkey.svg/45px-Flag_of_Turkey.svg.png"
				},
				{
					"name": "Uganda",
					"flag": "https://upload.wikimedia.org/wikipedia/commons/thumb/4/4e/Flag_of_Uganda.svg/45px-Flag_of_Uganda.svg.png"
				},
				{
					"name": "Yemen",
					"flag": "https://upload.wikimedia.org/wikipedia/commons/thumb/8/89/Flag_of_Yemen.svg/45px-Flag_of_Yemen.svg.png"
				}
			]
	},
	{
		"zone": "UTC+03:30",
			"places": [
				{
					"name": "Iran",
					"flag": "https://upload.wikimedia.org/wikipedia/commons/thumb/c/ca/Flag_of_Iran.svg/45px-Flag_of_Iran.svg.png"
				}
			]
	},
	{
		"zone": "UTC+04:00",
			"places": [
				{
					"name": "Armenia",
					"flag": "https://upload.wikimedia.org/wikipedia/commons/thumb/2/2f/Flag_of_Armenia.svg/45px-Flag_of_Armenia.svg.png"
				},
				{
					"name": "Azerbaijan",
					"flag": "https://upload.wikimedia.org/wikipedia/commons/thumb/d/dd/Flag_of_Azerbaijan.svg/45px-Flag_of_Azerbaijan.svg.png"
				},
				{
					"name": "Georgia",
					"flag": "https://upload.wikimedia.org/wikipedia/commons/thumb/0/0f/Flag_of_Georgia.svg/45px-Flag_of_Georgia.svg.png"
				},
				{
					"name": "Mauritius",
					"flag": "https://upload.wikimedia.org/wikipedia/commons/thumb/7/77/Flag_of_Mauritius.svg/45px-Flag_of_Mauritius.svg.png"
				},
				{
					"name": "Oman",
					"flag": "https://upload.wikimedia.org/wikipedia/commons/thumb/d/dd/Flag_of_Oman.svg/45px-Flag_of_Oman.svg.png"
				},
				{
					"name": "Reunion",
					"flag": "https://upload.wikimedia.org/wikipedia/en/thumb/c/c3/Flag_of_France.svg/45px-Flag_of_France.svg.png"
				},
				{
					"name": "Russia - Samara",
					"flag": "https://upload.wikimedia.org/wikipedia/en/thumb/f/f3/Flag_of_Russia.svg/45px-Flag_of_Russia.svg.png"
				},
				{
					"name": "Seychelles",
					"flag": "https://upload.wikimedia.org/wikipedia/commons/thumb/f/fc/Flag_of_Seychelles.svg/45px-Flag_of_Seychelles.svg.png"
				},
				{
					"name": "United Arab Emirates",
					"flag": "https://upload.wikimedia.org/wikipedia/commons/thumb/c/cb/Flag_of_the_United_Arab_Emirates.svg/45px-Flag_of_the_United_Arab_Emirates.svg.png"
				}
			]
	},
	{
		"zone": "UTC+04:30",
			"places": [
				{
					"name": "Afghanistan",
					"flag": "https://upload.wikimedia.org/wikipedia/commons/thumb/9/9a/Flag_of_Afghanistan.svg/45px-Flag_of_Afghanistan.svg.png"
				}
			]
	},
	{
		"zone": "UTC+05:00",
			"places": [
				{
					"name": "Kazakhstan",
					"flag": "https://upload.wikimedia.org/wikipedia/commons/thumb/d/d3/Flag_of_Kazakhstan.svg/45px-Flag_of_Kazakhstan.svg.png"
				},
				{
					"name": "Maldives",
					"flag": "https://upload.wikimedia.org/wikipedia/commons/thumb/0/0f/Flag_of_Maldives.svg/45px-Flag_of_Maldives.svg.png"
				},
				{
					"name": "Pakistan",
					"flag": "https://upload.wikimedia.org/wikipedia/commons/thumb/3/32/Flag_of_Pakistan.svg/45px-Flag_of_Pakistan.svg.png"
				},
				{
					"name": "Russia - Yekaterinburg",
					"flag": "https://upload.wikimedia.org/wikipedia/en/thumb/f/f3/Flag_of_Russia.svg/45px-Flag_of_Russia.svg.png"
				},
				{
					"name": "Tajikistan",
					"flag": "https://upload.wikimedia.org/wikipedia/commons/thumb/d/d0/Flag_of_Tajikistan.svg/45px-Flag_of_Tajikistan.svg.png"
				},
				{
					"name": "Turkmenistan",
					"flag": "https://upload.wikimedia.org/wikipedia/commons/thumb/1/1b/Flag_of_Turkmenistan.svg/45px-Flag_of_Turkmenistan.svg.png"
				},
				{
					"name": "Uzbekistan",
					"flag": "https://upload.wikimedia.org/wikipedia/commons/thumb/8/84/Flag_of_Uzbekistan.svg/45px-Flag_of_Uzbekistan.svg.png"
				}
			]
	},
	{
		"zone": "UTC+05:30",
			"places": [
				{
					"name": "India",
					"flag": "https://upload.wikimedia.org/wikipedia/en/thumb/4/41/Flag_of_India.svg/45px-Flag_of_India.svg.png"
				},
				{
					"name": "Sri Lanka",
					"flag": "https://upload.wikimedia.org/wikipedia/commons/thumb/1/11/Flag_of_Sri_Lanka.svg/45px-Flag_of_Sri_Lanka.svg.png"
				}
			]
	},
	{
		"zone": "UTC+05:45",
			"places": [
				{
					"name": "Nepal",
					"flag": "https://upload.wikimedia.org/wikipedia/commons/thumb/9/9b/Flag_of_Nepal.svg/16px-Flag_of_Nepal.svg.png"
				}
			]
	},
	{
		"zone": "UTC+06:00",
			"places": [
				{
					"name": "Bangladesh",
					"flag": "https://upload.wikimedia.org/wikipedia/commons/thumb/f/f9/Flag_of_Bangladesh.svg/45px-Flag_of_Bangladesh.svg.png"
				},
				{
					"name": "Bhutan",
					"flag": "https://upload.wikimedia.org/wikipedia/commons/thumb/9/91/Flag_of_Bhutan.svg/45px-Flag_of_Bhutan.svg.png"
				},
				{
					"name": "British Indian Ocean Territory",
					"flag": "https://upload.wikimedia.org/wikipedia/commons/thumb/6/6e/Flag_of_the_British_Indian_Ocean_Territory.svg/45px-Flag_of_the_British_Indian_Ocean_Territory.svg.png"
				},
				{
					"name": "Kazakhstan",
					"flag": "https://upload.wikimedia.org/wikipedia/commons/thumb/d/d3/Flag_of_Kazakhstan.svg/45px-Flag_of_Kazakhstan.svg.png"
				},
				{
					"name": "Kyrgyzstan",
					"flag": "https://upload.wikimedia.org/wikipedia/commons/thumb/c/c7/Flag_of_Kyrgyzstan.svg/45px-Flag_of_Kyrgyzstan.svg.png"
				},
				{
					"name": "Russia",
					"flag": "https://upload.wikimedia.org/wikipedia/en/thumb/f/f3/Flag_of_Russia.svg/45px-Flag_of_Russia.svg.png"
				}
			]
	},
	{
		"zone": "UTC+06:30",
			"places": [
				{

					"name": "Cocos (Keeling) Islands",
					"flag": "https://upload.wikimedia.org/wikipedia/commons/thumb/7/74/Flag_of_the_Cocos_%28Keeling%29_Islands.svg/45px-Flag_of_the_Cocos_%28Keeling%29_Islands.svg.png"
				},
				{
					"name": "Myanmar",
					"flag": "https://upload.wikimedia.org/wikipedia/commons/thumb/8/8c/Flag_of_Myanmar.svg/45px-Flag_of_Myanmar.svg.png"
				}
			]
	},
	{
		"zone": "UTC+07:00",
			"places": [
				{
					"name": "Cambodia",
					"flag": "https://upload.wikimedia.org/wikipedia/commons/thumb/8/83/Flag_of_Cambodia.svg/45px-Flag_of_Cambodia.svg.png"
				},
				{
					"name": "Christmas Island",
					"flag": "https://upload.wikimedia.org/wikipedia/commons/thumb/6/67/Flag_of_Christmas_Island.svg/45px-Flag_of_Christmas_Island.svg.png"
				},
				{
					"name": "Indonesia - Jakarta",
					"flag": "https://upload.wikimedia.org/wikipedia/commons/thumb/9/9f/Flag_of_Indonesia.svg/45px-Flag_of_Indonesia.svg.png"
				},
				{
					"name": "Laos",
					"flag": "https://upload.wikimedia.org/wikipedia/commons/thumb/5/56/Flag_of_Laos.svg/45px-Flag_of_Laos.svg.png"
				},
				{
					"name": "Russia",
					"flag": "https://upload.wikimedia.org/wikipedia/en/thumb/f/f3/Flag_of_Russia.svg/45px-Flag_of_Russia.svg.png"
				},
				{
					"name": "Thailand",
					"flag": "https://upload.wikimedia.org/wikipedia/commons/thumb/a/a9/Flag_of_Thailand.svg/45px-Flag_of_Thailand.svg.png"
				},
				{
					"name": "Vietnam",
					"flag": "https://upload.wikimedia.org/wikipedia/commons/thumb/2/21/Flag_of_Vietnam.svg/45px-Flag_of_Vietnam.svg.png"
				}
			]
	},
	{
		"zone": "UTC+08:00",
			"places": [
				{
					"name": "Australia - Perth",
					"flag": "https://upload.wikimedia.org/wikipedia/en/thumb/b/b9/Flag_of_Australia.svg/45px-Flag_of_Australia.svg.png"
				},
				{
					"name": "Brunei",
					"flag": "https://upload.wikimedia.org/wikipedia/commons/thumb/9/9c/Flag_of_Brunei.svg/45px-Flag_of_Brunei.svg.png"
				},
				{
					"name": "China",
					"flag": "https://upload.wikimedia.org/wikipedia/commons/thumb/f/fa/Flag_of_the_People%27s_Republic_of_China.svg/45px-Flag_of_the_People%27s_Republic_of_China.svg.png"
				},
				{
					"name": "Hong Kong",
					"flag": "https://upload.wikimedia.org/wikipedia/commons/thumb/5/5b/Flag_of_Hong_Kong.svg/45px-Flag_of_Hong_Kong.svg.png"
				},
				{
					"name": "Indonesia - Bali",
					"flag": "https://upload.wikimedia.org/wikipedia/commons/thumb/9/9f/Flag_of_Indonesia.svg/45px-Flag_of_Indonesia.svg.png"
				},
				{
					"name": "Macau",
					"flag": "https://upload.wikimedia.org/wikipedia/commons/thumb/6/63/Flag_of_Macau.svg/45px-Flag_of_Macau.svg.png"
				},
				{
					"name": "Malaysia",
					"flag": "https://upload.wikimedia.org/wikipedia/commons/thumb/6/66/Flag_of_Malaysia.svg/45px-Flag_of_Malaysia.svg.png"
				},
				{
					"name": "Mongolia",
					"flag": "https://upload.wikimedia.org/wikipedia/commons/thumb/4/4c/Flag_of_Mongolia.svg/45px-Flag_of_Mongolia.svg.png"
				},
				{
					"name": "Philippines",
					"flag": "https://upload.wikimedia.org/wikipedia/commons/thumb/9/99/Flag_of_the_Philippines.svg/45px-Flag_of_the_Philippines.svg.png"
				},
				{
					"name": "Russia - Irkutsk",
					"flag": "https://upload.wikimedia.org/wikipedia/en/thumb/f/f3/Flag_of_Russia.svg/45px-Flag_of_Russia.svg.png"
				},
				{
					"name": "Singapore",
					"flag": "https://upload.wikimedia.org/wikipedia/commons/thumb/4/48/Flag_of_Singapore.svg/45px-Flag_of_Singapore.svg.png"
				},
				{
					"name": "Taiwan",
					"flag": "https://upload.wikimedia.org/wikipedia/commons/thumb/7/72/Flag_of_the_Republic_of_China.svg/45px-Flag_of_the_Republic_of_China.svg.png"
				}
			]
	},
	{
		"zone": "UTC+08:30",
			"places": [
				{
					"name": "North Korea",
					"flag": "https://upload.wikimedia.org/wikipedia/commons/thumb/5/51/Flag_of_North_Korea.svg/45px-Flag_of_North_Korea.svg.png"
				}
			]
	},
	{
		"zone": "UTC+08:45",
			"places": [
				{
					"name": "Australia - Eucla",
					"flag": "https://upload.wikimedia.org/wikipedia/en/thumb/b/b9/Flag_of_Australia.svg/45px-Flag_of_Australia.svg.png"
				}
			]
	},
	{
		"zone": "UTC+09:00",
			"places": [
				{
					"name": "East Timor",
					"flag": "https://upload.wikimedia.org/wikipedia/commons/thumb/2/26/Flag_of_East_Timor.svg/45px-Flag_of_East_Timor.svg.png"
				},
				{
					"name": "Indonesia - Jayapura",
					"flag": "https://upload.wikimedia.org/wikipedia/commons/thumb/9/9f/Flag_of_Indonesia.svg/45px-Flag_of_Indonesia.svg.png"
				},
				{
					"name": "Japan",
					"flag": "https://upload.wikimedia.org/wikipedia/en/thumb/9/9e/Flag_of_Japan.svg/45px-Flag_of_Japan.svg.png"
				},
				{
					"name": "South Korea",
					"flag": "https://upload.wikimedia.org/wikipedia/commons/thumb/0/09/Flag_of_South_Korea.svg/45px-Flag_of_South_Korea.svg.png"
				},
				{
					"name": "Palau",
					"flag": "https://upload.wikimedia.org/wikipedia/commons/thumb/4/48/Flag_of_Palau.svg/45px-Flag_of_Palau.svg.png"
				},
				{
					"name": "Russia",
					"flag": "https://upload.wikimedia.org/wikipedia/en/thumb/f/f3/Flag_of_Russia.svg/45px-Flag_of_Russia.svg.png"
				}
			]
	},
	{
		"zone": "UTC+09:30",
			"places": [
				{
					"name": "Australia - Adelaide",
					"flag": "https://upload.wikimedia.org/wikipedia/en/thumb/b/b9/Flag_of_Australia.svg/45px-Flag_of_Australia.svg.png"
				}
			]
	},
	{
		"zone": "UTC+10:00",
			"places": [
				{
					"name": "Australia - Brisbane",
					"flag": "https://upload.wikimedia.org/wikipedia/en/thumb/b/b9/Flag_of_Australia.svg/45px-Flag_of_Australia.svg.png"
				},
				{
					"name": "Guam",
					"flag": "https://upload.wikimedia.org/wikipedia/commons/thumb/0/07/Flag_of_Guam.svg/45px-Flag_of_Guam.svg.png"
				},
				{
					"name": "Federated States of Micronesia",
					"flag": "https://upload.wikimedia.org/wikipedia/commons/thumb/e/e4/Flag_of_the_Federated_States_of_Micronesia.svg/45px-Flag_of_the_Federated_States_of_Micronesia.svg.png"
				},
				{
					"name": "Northern Mariana Islands",
					"flag": "https://upload.wikimedia.org/wikipedia/commons/thumb/e/e0/Flag_of_the_Northern_Mariana_Islands.svg/45px-Flag_of_the_Northern_Mariana_Islands.svg.png"
				},
				{
					"name": "Papua New Guinea - Port Moresby",
					"flag": "https://upload.wikimedia.org/wikipedia/commons/thumb/e/e3/Flag_of_Papua_New_Guinea.svg/45px-Flag_of_Papua_New_Guinea.svg.png"
				},
				{
					"name": "Russia - Vladivostok",
					"flag": "https://upload.wikimedia.org/wikipedia/en/thumb/f/f3/Flag_of_Russia.svg/45px-Flag_of_Russia.svg.png"
				}
			]
	},
	{
		"zone": "UTC+10:30",
			"places": [
				{
					"name": "Australia - Lord Howe Island",
					"flag": "https://upload.wikimedia.org/wikipedia/en/thumb/b/b9/Flag_of_Australia.svg/45px-Flag_of_Australia.svg.png"
				}
			]
	},
	{
		"zone": "UTC+11:00",
			"places": [
				{
					"name": "Federated States of Micronesia",
					"flag": "https://upload.wikimedia.org/wikipedia/commons/thumb/e/e4/Flag_of_the_Federated_States_of_Micronesia.svg/45px-Flag_of_the_Federated_States_of_Micronesia.svg.png"
				},
				{
					"name": "New Caledonia",
					"flag": "https://upload.wikimedia.org/wikipedia/commons/thumb/6/66/Flag_of_FLNKS.svg/45px-Flag_of_FLNKS.svg.png"
				},
				{
					"name": "Norfolk Island",
					"flag": "https://upload.wikimedia.org/wikipedia/commons/thumb/4/48/Flag_of_Norfolk_Island.svg/45px-Flag_of_Norfolk_Island.svg.png"
				},
				{
					"name": "Russia - Magadan",
					"flag": "https://upload.wikimedia.org/wikipedia/en/thumb/f/f3/Flag_of_Russia.svg/45px-Flag_of_Russia.svg.png"
				},
				{
					"name": "Solomon Islands",
					"flag": "https://upload.wikimedia.org/wikipedia/commons/thumb/7/74/Flag_of_the_Solomon_Islands.svg/45px-Flag_of_the_Solomon_Islands.svg.png"
				},
				{
					"name": "Vanuatu",
					"flag": "https://upload.wikimedia.org/wikipedia/commons/thumb/b/bc/Flag_of_Vanuatu.svg/45px-Flag_of_Vanuatu.svg.png"
				}
			]
	},
	{
		"zone": "UTC+12:00",
			"places": [
				{
					"name": "Fiji",
					"flag": "https://upload.wikimedia.org/wikipedia/commons/thumb/b/ba/Flag_of_Fiji.svg/45px-Flag_of_Fiji.svg.png"
				},
				{
					"name": "Kiribati",
					"flag": "https://upload.wikimedia.org/wikipedia/commons/thumb/d/d3/Flag_of_Kiribati.svg/45px-Flag_of_Kiribati.svg.png"
				},
				{
					"name": "Marshall Islands",
					"flag": "https://upload.wikimedia.org/wikipedia/commons/thumb/2/2e/Flag_of_the_Marshall_Islands.svg/45px-Flag_of_the_Marshall_Islands.svg.png"
				},
				{
					"name": "Nauru",
					"flag": "https://upload.wikimedia.org/wikipedia/commons/thumb/3/30/Flag_of_Nauru.svg/45px-Flag_of_Nauru.svg.png"
				},
				{
					"name": "New Zealand - Wellington",
					"flag": "https://upload.wikimedia.org/wikipedia/commons/thumb/3/3e/Flag_of_New_Zealand.svg/45px-Flag_of_New_Zealand.svg.png"
				},
				{
					"name": "Russia - Kamchatka Krai",
					"flag": "https://upload.wikimedia.org/wikipedia/en/thumb/f/f3/Flag_of_Russia.svg/45px-Flag_of_Russia.svg.png"
				},
				{
					"name": "Tuvalu",
					"flag": "https://upload.wikimedia.org/wikipedia/commons/thumb/3/38/Flag_of_Tuvalu.svg/45px-Flag_of_Tuvalu.svg.png"
				},
				{
					"name": "United States - Wake Island",
					"flag": "https://upload.wikimedia.org/wikipedia/en/thumb/a/a4/Flag_of_the_United_States.svg/45px-Flag_of_the_United_States.svg.png"
				},
				{
					"name": "France",
					"flag": "https://upload.wikimedia.org/wikipedia/en/thumb/c/c3/Flag_of_France.svg/45px-Flag_of_France.svg.png"
				}
			]
	},
	{
		"zone": "UTC+13:00",
			"places": [
				{
					"name": "Kiribati",
					"flag": "https://upload.wikimedia.org/wikipedia/commons/thumb/d/d3/Flag_of_Kiribati.svg/45px-Flag_of_Kiribati.svg.png"
				},
				{
					"name": "Tonga",
					"flag": "https://upload.wikimedia.org/wikipedia/commons/thumb/9/9a/Flag_of_Tonga.svg/45px-Flag_of_Tonga.svg.png"
				},
				{
					"name": "Samoa",
					"flag": "https://upload.wikimedia.org/wikipedia/commons/thumb/3/31/Flag_of_Samoa.svg/45px-Flag_of_Samoa.svg.png"
				},
				{
					"name": "Tokelau",
					"flag": "https://upload.wikimedia.org/wikipedia/commons/thumb/8/8e/Flag_of_Tokelau.svg/45px-Flag_of_Tokelau.svg.png"
				}
			]
	},
	{
		"zone": "UTC+14:00",
			"places": [
				{
					"name": "Kiribati",
					"flag": "https://upload.wikimedia.org/wikipedia/commons/thumb/d/d3/Flag_of_Kiribati.svg/45px-Flag_of_Kiribati.svg.png"
				}
			]
	}
]
